Name,Role,Research,Hobbies,Website,Github,Email,Picture
Federico Iuricich,Associate Professor,"Visualization, Topological Data Analysis, Geometry processing, Spatial data structures, Unstructured data.","Rock Climbing, Mountain biking, Hiking, Cooking.",https://fiurici.people.clemson.edu/,https://github.com/IuricichF,fiurici@clemson.edu,img/people/iuricich.jpeg
Dongyu Han,Postdoc,"Data Visualization, Visual Analytics, Virtual Reality (VR), Immersive Analytics","watching movies, reading comics",https://handyvis.github.io/,https://github.com/HandyVis,dongyuh@clemson.edu,img/people/han.JPEG
Mahsa Partovi,PH.D. Student,"Deep learning, Data analysis, Geographical information systems(GIS), Spatial data analysis","Cooking, Reading",,https://github.com/mahsapartovi,mpartov@clemson.edu,img/people/mahsa.jpg
Mina Gachloo,PH.D. Student,"Data Analysis, Machine Learning, Deep Learning","Reading, Traveling, Music",,https://github.com/Minagachloo,mgachlo@clemson.edu,img/people/mina.jpg
Mithilesh Anil Biradar, Master Student,"Machine learning, Deep Learning, Retrieval-Augmented Generation (RAG), Data visualization", "Hiking and martial arts",,https://github.com/codemith,mbirada@clemson.edu,img/people/mithilesh.jpg
Shrayas Raju,Master Student,"Data Visualization, Deep Learning, Machine Learning, Software Development","Hiking, Traveling, Learning New Technologies, Dancing",,https://github.com/Shrayas555,shrayar@clemson.edu,img/people/shrayas.jpg
Bogumila Ndubuisi,Undergraduate Student,"Applied data analysis, Bioinformatics","Playing the cello, swimming, video games",,https://github.com/PsychoticVerbena,bogumin@clemson.edu,img/people/milka.jpg
Kyra Roldan,Undergraduate Student,"Data visualization","Photography, hiking, concerts, and spending time outdoors",www.linkedin.com/in/kyra-roldan,https://github.com/kroldan15,kroldan@clemson.edu,img/people/kira.jpeg
Veer Patel,Undergraduate Student,"Artificial Intelligente, Machine Learning","Finance, Football",,https://github.com/veerp18,veerp@clemson.edu,img/people/veer.png
